Title job,Employer,Link profile employer,Location,How long ago,Recruiter,Profile recruiter,Description offer,Link offer
Asistente de aseguramiento de calidad,SC INGENIER√çA Y CONSTRUCCI√ìN,https://www.linkedin.com/company/sc-ingenieria-y-construccion-sac?trk=public_jobs_jserp-result_job-search-card-subtitle,"Ate, Peru",2 hours ago,,,"üîç ¬°Estamos buscando talento para nuestro equipo de Calidad!SC INGENIER√çA Y CONSTRUCCI√ìN Invita a Profesionales Comprometidos y Con Vocaci√≥n T√©cnica a Postular Al Siguiente PerfilüéØ Cargo: ASISTENTE DE ASEGURAMIENTO DE CALIDADüìå Funciones PrincipalesColaborar en la elaboraci√≥n y control de procedimientos e instructivos de trabajo, alineados con normas t√©cnicas y requisitos del cliente.Apoyar auditor√≠as internas y externas junto al √°rea de Aseguramiento de Calidad.Revisar, organizar y validar documentaci√≥n t√©cnica (dossiers, certificados, reportes de inspecci√≥n).Brindar soporte en la implementaci√≥n y mantenimiento del Sistema de Gesti√≥n de Calidad (ISO 9001).Coordinar con otras √°reas para asegurar el cumplimiento normativo y contractual en temas de calidad.üßæ RequisitosEgresado/a o titulado/a en Ingenier√≠a Mec√°nica, Industrial, Metal√∫rgica o afines.Capacitaci√≥n en sistemas de gesti√≥n de calidad (ISO 9001).Conocimiento de normas t√©cnicas como AWS, ASME, API (aplicables a proyectos metalmec√°nicos).üìÖ Experiencia1 a 2 a√±os en control documental QA/QC en obras metalmec√°nicas o de piping.Experiencia en organizaci√≥n y validaci√≥n de registros t√©cnicos.üì® Si cumples con el perfil y deseas ser parte de un equipo t√©cnico comprometido con la excelencia, ¬°env√≠anos tu CV!",https://pe.linkedin.com/jobs/view/asistente-de-aseguramiento-de-calidad-at-sc-ingenier%C3%ADa-y-construcci%C3%B3n-4303250610?position=1&pageNum=0&refId=hT423DrQPbT%2Foy0ZFcCQ%2BA%3D%3D&trackingId=fJUplpsezE%2FTSJNWXTzQCA%3D%3D
Analista QA Junior,CSTI Corp,https://pe.linkedin.com/company/csticorp?trk=public_jobs_jserp-result_job-search-card-subtitle,"San Borja, Peru",5 hours ago,Emily Flores Camargo,https://pe.linkedin.com/in/emily-flores-camargo-205b9b108,"CSTI Corp es una empresa peruana l√≠der en la industria TI con m√°s de 17 a√±os en el mercado en pa√≠ses como Per√∫, Ecuador, Colombia, Costa Rica y Estados Unidos.Ofrece soluciones de negocios en las l√≠neas de Outsourcing, Licenciamientos SAP y Microsoft, soporte y mejora de aplicaciones, as√≠ como implementaci√≥n y migraci√≥n de sistemas bajo estrategias Cloud, aprovechando su alianza con marcas como Amazon, Azure, Huawei Cloud y Google Cloud.Nos encontramos en la b√∫squeda de un Analista QA Junior , para nuestra l√≠nea de negocio.Requisitos:1 a 2 a√±os como Analista QAConocimientos en Jira y/o Azure DevopsConociminento b√°sico en Postman y GitFunciones:Convertir requisitos en criterios de aceptaci√≥n testeables y checklists claros.Dise√±ar y mantener casos de prueba (positivos, negativos, bordes) y evidencia.Ejecutar validaciones de smoke,regresi√≥n corta y exploratorias.Crear y gestionar BugsCondiciones:Modalidad Hibrido, San Borja.Salario acorde al mercadoIngreso inmediato",https://pe.linkedin.com/jobs/view/analista-qa-junior-at-csti-corp-4303239018?position=2&pageNum=0&refId=hT423DrQPbT%2Foy0ZFcCQ%2BA%3D%3D&trackingId=bNuOIbyN5J%2BijNFTYXoCNA%3D%3D
Analista de aseguramiento de la calidad,Inetum,https://fr.linkedin.com/company/inetum?trk=public_jobs_jserp-result_job-search-card-subtitle,"Lima, Peru",11 hours ago,Mirza Gabriela Benites Bastante,https://pe.linkedin.com/in/mirza-gabriela-benites-bastante-548461170,"Somos Inetum, una compa√±√≠a de servicios √°giles que proporciona soluciones digitales y un grupo global de tecn√≥logos que acompa√±a a sus clientes.Ofrecemos a nuestros clientes una combinaci√≥n √∫nica de proximidad, organizaci√≥n sectorial y soluciones de calidad. Presente en m√°s de 26 pa√≠ses, el grupo tiene cerca de 27,000 colaboradores y apunta a seguir creciendo.Actualmente nos encontramos en b√∫squeda de 02 QA Testing Junior para que se integren a nuestro equipo.Requisitos:Profesional en Ingenier√≠a de Sistemas, Computaci√≥n, Inform√°tica o carreras afines.Experiencia en Aseguramiento de Calidad de Software ‚Äì 3.5 a√±osExperiencia demostrable en testing continuo.Experiencia en el proceso y la prevenci√≥n de defectos durante todo el ciclo de vida del desarrollo de softwareExperiencia en generaci√≥n de indicadores de calidad (Deseable)Conocimiento de normas como ISO 9001, CMMI (Deseable)Funciones:Establecer y definir los procesos de calidad para todo el proyecto. Desarrollar y refinar estrategias de pruebas. Asegurar que se cumplan los est√°ndares y requisitos de calidad. Identificar √°reas de mejora en los procesos de desarrollo. Actuar a lo largo de todo el ciclo de vida del proyecto. Beneficios:Incorporaci√≥n a planilla con todos los beneficios de leyCapacitaciones generales y espec√≠ficas de acuerdo a tu especialidadPlataforma Educativa Multi-idiomas (ingl√©s, franc√©s, alem√°n, entre otros)Actividades de integraci√≥n y Wellness ProgramsDescuentos corporativos en diversos establecimientos",https://pe.linkedin.com/jobs/view/analista-de-aseguramiento-de-la-calidad-at-inetum-4303063826?position=3&pageNum=0&refId=hT423DrQPbT%2Foy0ZFcCQ%2BA%3D%3D&trackingId=oorxtNgstrZdgbIrDwHpLw%3D%3D
QA Engineer,Perform,https://www.linkedin.com/company/total-performance-consulting?trk=public_jobs_jserp-result_job-search-card-subtitle,"Lima, Peru",6 hours ago,,,"We are seeking a Quality Assurance Engineer to join a fast-paced team focused on mobile game quality. This role combines programming in C# (preferred) or Java with hands-on experience in Unity and mobile platforms. You‚Äôll design and run automated tests across a device farm to ensure our games perform seamlessly on iOS and Android. This is a highly collaborative role where curiosity, detective work, and strong debugging skills are key to success.What You‚Äôll DoDevelop and maintain automated tests for Unity-based mobile applications using C# or Java.Execute tests across a device farm (iOS and Android phones/tablets), manage devices, and analyze results.Run automated testing through Unity Test Runner and monitor results across both Android and iOS devices.Apply visual testing approaches and blueprint-driven test flows to validate gameplay and UI.Debug, troubleshoot, and partner with other teams to resolve failures and uncover root causes.Integrate automated tests into CI/CD pipelines such as Jenkins or Azure DevOps.What We‚Äôre Looking ForStrong programming skills in C# (preferred) or Java, with experience in Unity.Hands-on mobile testing experience, ideally across both iOS and Android.Familiarity with device farms (AWS Device Farm, Kobiton, or similar).Ability to apply detective-style problem solving to investigate issues and drive them to resolution.Excellent communication and collaboration skills in a fast-paced team environment.It Is An Asset If You HaveExperience with Kobiton or transitioning test infrastructure between farms.Knowledge of Android (adb) and iOS/Xcode tooling.Exposure to visual programming like Unreal Engine BlueprintsExperience with CI/CD tools like Jenkins or Azure DevOps.Why Join UsYou‚Äôll play a key role in ensuring world-class mobile game quality at Microsoft, working on real devices across diverse platforms. If you love programming, mobile technology, and detective-style debugging, this role offers the chance to make a direct impact on the player experience.",https://pe.linkedin.com/jobs/view/qa-engineer-at-perform-4303109652?position=4&pageNum=0&refId=hT423DrQPbT%2Foy0ZFcCQ%2BA%3D%3D&trackingId=Kcowq5dt60VloACst3q4yQ%3D%3D
QA SAP Analyst,Softtek,https://mx.linkedin.com/company/softtek?trk=public_jobs_jserp-result_job-search-card-subtitle,"Lima, Peru",9 hours ago,Katherine Alarcon Carbajal,https://pe.linkedin.com/in/katherine-alarcon-carbajal-b94359230,"Softtek es un proveedor global de servicios orientados a procesos de TI con m√°s de 30 oficinas en Norteam√©rica, Latinoam√©rica, Europa y Asia. Maximizamos el valor del software para el mundo: Creamos, Probamos, Implementamos y damos mantenimiento a sistemas que empoderan organizaciones e individuos. En la actualidad nos encontramos en la b√∫squeda de un talento para el perfil: QA SAP Analyst Requisitos:Experiencia comprobable en proyectos SAP, especialmente en m√≥dulos de RRHH.Conocimiento profundo de procesos de Recursos Humanos.Experiencia en entornos S/4HANA y SuccessFactors.Capacidad anal√≠tica para entender requerimientos funcionales complejos.Habilidades de comunicaci√≥n para interactuar con usuarios clave y equipos multidisciplinarios.Experiencia con herramientas de gesti√≥n de pruebas (como HP ALM, JIRA, TestRail) (deseable).Funciones:Dise√±ar, ejecutar y documentar pruebas funcionales en SAP S/4HANA y SuccessFactors.Validar procesos de negocio relacionados con RRHH: n√≥mina, gesti√≥n de personal, reclutamiento, capacitaci√≥n, entre otros.Interactuar con usuarios clave para comprender requerimientos funcionales.Traducir requerimientos en casos de prueba claros y completos.Identificar y documentar defectos, realizar seguimiento y colaborar en su resoluci√≥n.Participar en reuniones de seguimiento con equipos funcionales y t√©cnicos.Ofrecemos:Ingreso a planilla con todos los beneficios de ley.EPS al 100%Modalidad de trabajo: HIBRIDOCapacitaci√≥n constante y l√≠nea de carrera.Podr√°s optar por los descuentos corporativos en empresas de entretenimiento, educaci√≥n, entre otros.Contamos con una plataforma exclusiva virtual con m√°s de 3,000 cursos orientados a potencializar tus habilidades t√©cnicas como blandas.",https://pe.linkedin.com/jobs/view/qa-sap-analyst-at-softtek-4303081736?position=5&pageNum=0&refId=hT423DrQPbT%2Foy0ZFcCQ%2BA%3D%3D&trackingId=XsismeEeLvvp%2BuSch5UAjA%3D%3D
Control de calidad,La Colonial F√°brica de Hilos S.A.,https://pe.linkedin.com/company/la-colonial-fabrica-de-hilos-sa?trk=public_jobs_jserp-result_job-search-card-subtitle,"Callao, Constitutional Province of Callao, Peru",2 hours ago,,,"RequisitosT√©cnico de la carrera de Control de Calidad Textil. Con experiencia de 01 a√±o en el √°rea textil (Indispensable). Conocimientos en Microsoft office( Word, Excel,)Sea organizado, colaborador y sepa trabajar en equipo, sea resolutivoDisponibilidad para laborar en el Callao con turnos rotativos. FuncionesControlar las Partidas de Te√±ido durante y despu√©s de proceso de Te√±ido de acuerdo a los est√°ndares establecidos.Realizaci√≥n de las pruebas f√≠sicas de Tejido y Pruebas de Solidez al lavado y frote, asi como la prueba de enconado para la evaluaci√≥n de Igualaci√≥n de Te√±idoComparar los resultados con los Est√°ndares determinados de Tono, solidez, e igualaci√≥n.Controlar los productos Qu√≠micos que recepci√≥n el Almac√©n de Prod. Qu√≠micos si est√°n dentro de los Std. y/o de acuerdo a la Ficha T√©cnica del producto y dar su conformidad y/o rechazo.Controlar los par√°metros de PH y dureza del Agua en planta de Tintorer√≠aLlenar los registros de calidadAprobar y/o Rechazar partidas de Te√±ido de acuerdo a los Std. establecidos, en coordinaci√≥n con la jefaturaOfrecemosSer parte de una empresa l√≠der en su rubro con m√°s de 70 a√±os en el mercado. Todos los beneficios de ley. Capacitaciones afines al desarrollo de las funciones encargadas. ¬°SI CUENTAS CON LO MENCIONADO, POSTULA YA CON NOSOTROS! ¬°FORMA PARTE DE NUESTRA GRAN FAMILIA!",https://pe.linkedin.com/jobs/view/control-de-calidad-at-la-colonial-f%C3%A1brica-de-hilos-s-a-4303253563?position=6&pageNum=0&refId=hT423DrQPbT%2Foy0ZFcCQ%2BA%3D%3D&trackingId=P%2BvQr2qglvREx%2B%2BEXyyGIQ%3D%3D
QA Engineer (Python/Selenium),Talan,https://fr.linkedin.com/company/talan?trk=public_jobs_jserp-result_job-search-card-subtitle,Lima Metropolitan Area,13 hours ago,,,"Join Us!Why Talan?For the 4th consecutive year, Talan Spain has been recognized as a Great Place to Work! üéâ This year, we‚Äôre also celebrating our 2nd certification in Poland, a significant milestone since opening our office there.Talan is an international advisory group specializing in innovation and transformation through technology, with 5,000 employees and an annual turnover of 600M‚Ç¨.We offer our customers a continuum of services to support them at each key stage of their organization's transformation, with four main activities:CONSULTING in Management and Innovation: Supporting business, managerial, cultural, and technological transformations. DATA & TECHNOLOGY: Implementing major transformation projects. CLOUD & APPLICATION SERVICES: Building or integrating software solutions. SERVICE CENTERS of EXCELLENCE: Providing technology, innovation, agility, sustainability of skills, and cost optimization. Talan accelerates its clients' transformation through innovation and technology. By understanding their challenges and supporting them with technology, innovation, and data, we enable them to be more efficient and resilient.Job DescriptionWe are looking for a QA Engineer profile that is capable of performing manual tests and automating tests using python and selenium.You will be responsible for understanding the different tasks, building a suitable test plan based on acceptance criteria, running and maintaining automated test cases ensuring software quality at all levels. (FrontEnd, BackEnd, Performance). We also want a proactive person who proposes improvements to the process that we have and is able to implement them.  QualificationsAnalytical and problem-solving skills. Teamwork, proactivity and good communication in multidisciplinary teamsAttention to detail and critical thinking. Focus on continuous improvement. Knowledge of development of automation with python and seleniumExperience in the use of management tools such as Jira and ConfluenceExperience in frontend testing, api rest, database and performance or at least have an idea. Maintenance of automated testsAdditional InformationWhat do we offer you?Full-time contract. Smart Office Pack so that you can work comfortably from home. Training and career development. Benefits and perks such as private medical insurance, life insurance. Possibility to be part of a multicultural team and work on international projects. This is a hybrid position based in M√°laga, Spain. Relocation is mandatory.Possibility to manage work-permits. If you are passionate about development & tech, we want to meet you! Talan Spain‚Äôs commitment to non-discrimination based on gender, race, ideology, or any other reason, in accordance with the company‚Äôs ""Equality Plan"" and the current regulations on gender equality between women and men (Royal Decree-Law 6/2019).",https://pe.linkedin.com/jobs/view/qa-engineer-python-selenium-at-talan-4213310266?position=7&pageNum=0&refId=hT423DrQPbT%2Foy0ZFcCQ%2BA%3D%3D&trackingId=mSUjAjVNcUbwxkz0QPdBGQ%3D%3D
Principal Quality Analyst,Thoughtworks,https://www.linkedin.com/company/thoughtworks?trk=public_jobs_jserp-result_job-search-card-subtitle,"Lima, Peru",14 hours ago,,,"Woven between all the stages of the delivery process is the work of a Quality Analyst: the technologist who focuses on the complexity and risk inherent in building solutions. By collaborating with each team member‚ÄîDeveloper, Business Analyst, Designer, etc.‚Äîthey ensure quality is thoughtfully examined in both processes and technology. QAs are more than testers; they're team motivators and strive to inspire all teammates to weave quality into their mindsets and code.Job responsibilitiesAim to shift quality to the left in alignment with senior client stakeholdersPartner with senior stakeholders to understand the product, create a quality strategy and ensure that the teams are empowered to implement itHighlight risks to software delivery and assist in managing them alongside the leadership teamRegularly carry out exploratory testing to gain insights and uncover potential risksDrive improvements for clean code, tests, testability and advice on test tools/frameworksDefine, discuss and implement a program approach to testing across multiple products/services and domains, commonly referred to as ‚ÄúUAT‚Äù, ‚ÄúE2E‚Äù, etc.Influence a consistent approach in automation of tests across teams in a program, e.g. nomenclature, domain boundaries, contracts between services, distinct layers, common tooling and dashboard representations in the right situationYou will be nimble and alter your team's approach based on an industry's standards and regulationsCoach team members across roles to help deliver better quality software and help them adopt a testing mindsetAdvocate QA expertise to the tech community inside Thoughtworks and throughout the broader industry, speaking at conferences and acting as a mentor for junior-level QAsJob QualificationsTechnical skillsAdvanced English level is required.You have worked as a Quality Analyst as part of a wider development team, pairing with Devs, Business Analysts, Infrastructure Engineers, and Designers to embed quality and testing mindsets within different rolesYou are comfortable with agile, code management, deployment strategies, migration strategies and release managementYou have extensive experience with practices such as TDD, BDD, CI/CD and models such as Test Pyramid and Swiss cheeseCan drive changes to both on premise and cloud architectures for enhancing qualityStrategize different types of functional and cross-functional testing including performance and security testing across various architectures and domain modelsYou can leverage metrics in order to make improvement to lead time, deployment frequency, mean time to recovery and change fail rateYou can design quality strategies and can produce one for large programsProfessional skillsYou enjoy influencing teammates and senior leaders and advocating for quality as a shared team responsibilityKnowledge of user experience and user research including prototyping, personas and AB testing, which can be translated into a test strategyYou are passionate about ensuring the correct product is being built, not just that it is being built correctly.You are a natural leader who can foster effective and inclusive teams that deliverYou thrive in safe, collaborative environments where different opinions, ideas and perspectives are freely sharedOther things to knowLearning & DevelopmentThere is no one-size-fits-all career path at Thoughtworks: however you want to develop your career is entirely up to you. But we also balance autonomy with the strength of our cultivation culture. This means your career is supported by interactive tools, numerous development programs and teammates who want to help you grow. We see value in helping each other be our best and that extends to empowering our employees in their career journeys.About ThoughtworksThoughtworks is a global technology consultancy that integrates strategy, design and engineering to drive digital innovation. For 30+ years, our clients have trusted our autonomous teams to build solutions that look past the obvious. Here, computer science grads come together with seasoned technologists, self-taught developers, midlife career changers and more to learn from and challenge each other. Career journeys flourish with the strength of our cultivation culture, which has won numerous awards around the world.Join Thoughtworks and thrive. Together, our extra curiosity, innovation, passion and dedication overcomes ordinary.See here our AI policy.",https://pe.linkedin.com/jobs/view/principal-quality-analyst-at-thoughtworks-4292404803?position=8&pageNum=0&refId=hT423DrQPbT%2Foy0ZFcCQ%2BA%3D%3D&trackingId=73UY6d9JnLs8H88GlUucvw%3D%3D
Supervisor de Construcci√≥n Sr.,repsol,https://es.linkedin.com/company/repsol?trk=public_jobs_jserp-result_job-search-card-subtitle,"Lima, Peru",5 hours ago,Rosa Angela Higa Uechi,https://pe.linkedin.com/in/rosa-angela-higa-uechi-539b4b34,"√önete a Repsol y genera impacto en el futuro de la energ√≠aSomos una compa√±√≠a global en la que trabajamos m√°s de 25.000 personas, de 75 nacionalidades en m√°s de 20 pa√≠ses. Buscamos personas con talento que nos ayuden a crear valor con el m√°ximo respeto por el medioambiente y la comunidad. Nos encontramos en la b√∫squeda de un: Supervisor de Construcci√≥n Sr.¬øCu√°les ser√°n las funciones principales?Planificar, supervisar y controlar el avance, la calidad y los costes de la fase de construcci√≥n del proyecto, de conformidad con el contrato y las normas y reglamentos de Seguridad y Medio Ambiente, con el fin de garantizar el cumplimiento de los objetivos del proyecto.En coordinaci√≥n con el Ingeniero de Proyectos, asegurar el cumplimiento de los hitos contractualmente establecidos en el cronograma de construcci√≥n, dando las alertas correspondientes y tomando acciones sobre cualquier desviaci√≥n de ellos en la fase constructiva.Asegurar la aplicaci√≥n de las normas y reglamentos t√©cnicos y de Seguridad y Medio Ambiente aplicables en el proyecto.Controlar y supervisar la coordinaci√≥n t√©cnica de la construcci√≥n, as√≠ como el cumplimiento de las especificaciones t√©cnicas aplicables, y procedimientos de seguridad.Asegurar la calidad de las propuestas, planos y documentaci√≥n de los proyectos.Elaborar Especificaciones T√©cnicas para apoyar el proceso de compra de materiales y servicios.Garantizar la aplicaci√≥n de las normas y reglamentos de ingenier√≠a, construcci√≥n y seguridad y medio ambiente durante la fase de dise√±o,Garantizar la aplicaci√≥n de las lecciones aprendidas, las mejores pr√°cticas y los indicadores clave a trav√©s de las tecnolog√≠as de gesti√≥n del conocimiento disponibles.Realizar o supervisar y aprobar la estimaci√≥n de los presupuestos de inversi√≥n, siempre que sea necesario para la toma de decisiones.Supervisar el estado de las mediciones de los contratos de construcci√≥n con el fin de controlar la calidad, los pagos a los contratistas y la determinaci√≥n del avance del proyecto.Gestionar la aplicaci√≥n de QA/QC en el sitio.Coordinar con Operaciones las actividades diarias, permisos de trabajo y liberaci√≥n de √°reas requeridas para la ejecuci√≥n de las actividades constructivasPreparar la informaci√≥n necesaria para transferir la instalaci√≥n a Producci√≥n.Contribuir con el expertise de Construcci√≥n, en los procesos de gesti√≥n de cambio y an√°lisis de riesgo, en todas las fases del proyecto de ingenier√≠a y construcci√≥n.¬øQu√© se requiere para la posici√≥n?Formaci√≥n Acad√©micaBachiller en la carrera de Ing. Mec√°nica, Ing. El√©ctrica, Ing. Civil, Ing. Qu√≠mica, Ing. Industrial o afines.ConocimientoDeseable dominio de Autocad a nivel intermedioIngl√©s a nivel intermedioConsideraciones:R√©gimen 14x14Disponibilidad de trabajar en r√©gimen on/offExperienciaExperiencia entre 5 a 7 a√±os en proyectos y actividades de construcci√≥n en empresas de hidrocarburos, miner√≠a deseable experiencia en selva",https://pe.linkedin.com/jobs/view/supervisor-de-construcci%C3%B3n-sr-at-repsol-4301421382?position=9&pageNum=0&refId=hT423DrQPbT%2Foy0ZFcCQ%2BA%3D%3D&trackingId=JYVVVYaG9XInpin1f1Bbvw%3D%3D
ANALISTA QA SALESFORCE,Ayesa,https://es.linkedin.com/company/ayesa?trk=public_jobs_jserp-result_job-search-card-subtitle,"Lima, Peru",11 hours ago,,,"Estimada red,Nos encontramos en b√∫squeda de un ANALISTA QA SALESFORCE para un importante proyecto en el sector de Tecnolog√≠a y Consultor√≠a.¬øQu√© buscamos?Un perfil profesional con conocimientos en Ingenier√≠a de Sistemas, Inform√°tica o afines, con experiencia comprobada en:Experiencia m√≠nima de 4 a√±os en roles de testing.Experiencia de 2 a√±os en roles de gesti√≥n. Conocimientos en metodolog√≠as √°giles y ciclos de vida de testing.Experiencia en elaboraci√≥n y ejecuci√≥n de casos de prueba, plan de pruebas y reporte de defectos.Conocimiento en herramientas de gesti√≥n de testing (Selenium, Jira, etc.).Metodolog√≠a ITIL (deseable).Contar con certificaci√≥n ISTQB (Obligatorio)Conocimiento de Office 365, no solo a nivel usuario.Buscamos alguien proactivo, resolutivo y con ganas de aprender y aportar.Conocimientos deseablesSalesforce PlatformExperiencia en testing de m√≥dulos de Sales Cloud, Service Cloud, Experience Cloud.Conocimiento en configuraci√≥n y personalizaci√≥n de objetos, flujos, procesos y validaciones.Pruebas de integraci√≥n con sistemas externos mediante APIs.Automatizaci√≥n de PruebasDesarrollo y ejecuci√≥n de scripts de automatizaci√≥n con Selenium, Provar, Cucumber o herramientas similares.Uso de Salesforce DX para entornos de desarrollo y testing.Conocimiento en lenguajes como Java o Python para automatizaci√≥n.Gesti√≥n de CalidadDise√±o y ejecuci√≥n de estrategias de testing (regresi√≥n, humo, rendimiento, UAT).Uso de herramientas como Jira, TestRail o Quality Center.An√°lisis de requisitos y elaboraci√≥n de documentaci√≥n t√©cnica relacionada con pruebas.Herramientas AdicionalesConocimiento en bases de datos y consultas SQL.Experiencia en entornos DevOps/CI-CD (Jenkins, Git, etc.).Conocimiento en SOAP UI, Postman para pruebas de APIs.Responsabilidades del puestoDise√±ar, ejecutar y documentar casos de prueba para aplicaciones Salesforce.Identificar, reportar y realizar seguimiento de defectos en herramientas de gesti√≥n.Participar en la definici√≥n de estrategias de testing y planes de calidad.Colaborar con equipos de desarrollo y negocio para garantizar la calidad del producto.Automatizar casos de prueba para regresi√≥n y optimizaci√≥n de procesos.Asegurar el cumplimiento de est√°ndares de calidad y buenas pr√°cticas.Apoyar en las pruebas de integraci√≥n, rendimiento y aceptaci√≥n de usuario (UAT).Generar reportes de avance y m√©tricas de calidad.¬øQu√© ofrecemos?Incorporaci√≥n a una empresa en continuo crecimiento.Integraci√≥n con un equipo multidisciplinario de profesionales altamente capacitados.Salario competitivo en el mercado.Interesados enviar CV documentado a cehuapaya@ayesa.com, con el asunto:  Q AS SALESFORCE.Modalidad: PresencialLugar: San MiguelAtendiendo a lo establecido en la Ley N.¬∫ 26772, que proh√≠be toda discriminaci√≥n en la oferta de empleo y acceso al mismo por motivo de origen, raza, sexo, idioma, religi√≥n, opini√≥n, condici√≥n econ√≥mica o de cualquier otra √≠ndole, as√≠ como en la Ley General de las Personas con Discapacidad (Ley N.¬∫ 29973), Ayesa se ha marcado como objetivo promover la defensa y aplicaci√≥n efectiva del principio a la no discriminaci√≥n laboral, en este sentido, aseguramos igualdad de oportunidades en el acceso y permanencia al empleo para todas las personas, sin distinci√≥n.#Trabajo #AyesaPer√∫ #Salesforce #QA #Testing",https://pe.linkedin.com/jobs/view/analista-qa-salesforce-at-ayesa-4301086739?position=10&pageNum=0&refId=hT423DrQPbT%2Foy0ZFcCQ%2BA%3D%3D&trackingId=YZZCgwSIGHSqP6uiLCIuRA%3D%3D
Senior QA Automation,Encora Inc.,https://www.linkedin.com/company/encorainc?trk=public_jobs_jserp-result_job-search-card-subtitle,"Lima, Peru",10 hours ago,,,,https://pe.linkedin.com/jobs/view/senior-qa-automation-at-encora-inc-4302782266?position=11&pageNum=0&refId=hT423DrQPbT%2Foy0ZFcCQ%2BA%3D%3D&trackingId=a1mf6qIe70j0DHwqqGtu0Q%3D%3D
Internal Sales Specialist LATAM,TripleTen,https://www.linkedin.com/school/tripleten/?trk=public_jobs_jserp-result_job-search-card-subtitle,"Lima, Peru",2 hours ago,,,,https://pe.linkedin.com/jobs/view/internal-sales-specialist-latam-at-tripleten-4303257560?position=12&pageNum=0&refId=hT423DrQPbT%2Foy0ZFcCQ%2BA%3D%3D&trackingId=awfHFv647VRccr%2BCJrtftQ%3D%3D
Dise√±ador UX/UI,Inca Rail,https://pe.linkedin.com/company/incarail?trk=public_jobs_jserp-result_job-search-card-subtitle,"Lima, Peru",23 hours ago,,,,https://pe.linkedin.com/jobs/view/dise%C3%B1ador-ux-ui-at-inca-rail-4302856614?position=13&pageNum=0&refId=hT423DrQPbT%2Foy0ZFcCQ%2BA%3D%3D&trackingId=gT2B5mXcQuNPT3XwaWvGrQ%3D%3D
Desarrollador Mobile,keOla Networks,https://pe.linkedin.com/company/keola-networks?trk=public_jobs_jserp-result_job-search-card-subtitle,"Lima, Peru",5 hours ago,,,,https://pe.linkedin.com/jobs/view/desarrollador-mobile-at-keola-networks-4303223284?position=14&pageNum=0&refId=hT423DrQPbT%2Foy0ZFcCQ%2BA%3D%3D&trackingId=TiEzLgqHjs7UJlgeg3pwKA%3D%3D
